{"cameraMode":{"drawMode":0,"name":"Shaded","section":"Shading Mode"},"sceneLighting":false,"audioPlay":false,"sceneViewState":{"m_AlwaysRefresh":false,"showFog":true,"showSkybox":true,"showFlares":true,"showImageEffects":true,"showParticleSystems":true,"showVisualEffectGraphs":true,"m_FxEnabled":true},"in2DMode":false,"pivot":{"x":3.175384044647217,"y":6.1601786613464359,"z":5.2256317138671879},"rotation":{"x":-0.09794491529464722,"y":0.007145578972995281,"z":0.0007631068583577871,"w":0.9951940178871155},"size":9.237259864807129,"orthographic":false}