{"cameraMode":{"drawMode":0,"name":"Shaded","section":"Shading Mode"},"sceneLighting":false,"audioPlay":false,"sceneViewState":{"m_AlwaysRefresh":false,"showFog":true,"showSkybox":false,"showFlares":true,"showImageEffects":true,"showParticleSystems":true,"showVisualEffectGraphs":true,"m_FxEnabled":true},"in2DMode":false,"pivot":{"x":1.0109416246414185,"y":3.219758987426758,"z":-1.576655387878418},"rotation":{"x":-0.15595167875289918,"y":-0.013646910898387432,"z":-0.002155073918402195,"w":0.9876856207847595},"size":1.529942512512207,"orthographic":false}